cp_afid,affiliate_name
2turniton,2TurnItOn
360-realty,360 Realty & Management
a-plus,A Plus Solar Solutions
a-plus-alarconl,A Plus Solar Solutions
a-plus-banhp,A Plus Solar Solutions
a-plus-millera,A Plus Solar Solutions
a-plus-rhodesk,A Plus Solar Solutions
a-plus-rubioa,A Plus Solar Solutions
a-plus-scotta,A Plus Solar Solutions
a-plus-tranv,A Plus Solar Solutions
a-plus-webbt,A Plus Solar Solutions
ava,AVA
ava-alayna,AVA
ava-hazel,AVA
ava-herbert,AVA
ava-jonas,AVA
ava-lacey,AVA
ava-laura,AVA
ava-victoria,AVA
angel-arroyo,Angel Arroyo
arbrook-park,Arbrook Park
ashton-oaks,Ashton Oaks Apartments
atlantis-light-power,Atlantis Light & Power
bear-creek-villas,Bear Creek Villas
benjamin-borrero,Benjamin Borrero
blue-mint-thai,Blue Mint Thai
brad,Brad Gregory
onesource-nelsonb,Brianna Nelson
bronco-power-boost,Bronco Power Boost
cp-bill-reader,CP Bill Reader
cameron-maloney,Cameron Maloney
1022327,Capital One Shopping
ueserv,CasaModerna
christopher-fanning,Christopher Fanning
citizen-home-solutions,Citizen Home Solutions
citizen-home-solutions-aguilarj,Citizen Home Solutions
citizen-home-solutions-balloub,Citizen Home Solutions
citizen-home-solutions-byersk,Citizen Home Solutions
citizen-home-solutions-cantud,Citizen Home Solutions
citizen-home-solutions-carrillod,Citizen Home Solutions
citizen-home-solutions-chaveza,Citizen Home Solutions
citizen-home-solutions-churchwellc,Citizen Home Solutions
citizen-home-solutions-delatorrej,Citizen Home Solutions
citizen-home-solutions-drumgolec,Citizen Home Solutions
citizen-home-solutions-dyslinr,Citizen Home Solutions
citizen-home-solutions-etemadmoghaddami,Citizen Home Solutions
citizen-home-solutions-greenec,Citizen Home Solutions
citizen-home-solutions-guzmand,Citizen Home Solutions
citizen-home-solutions-hansena,Citizen Home Solutions
citizen-home-solutions-hardyd,Citizen Home Solutions
citizen-home-solutions-johnsona,Citizen Home Solutions
citizen-home-solutions-martlaror,Citizen Home Solutions
citizen-home-solutions-moralesg,Citizen Home Solutions
citizen-home-solutions-pashcalc,Citizen Home Solutions
citizen-home-solutions-penningtonc,Citizen Home Solutions
citizen-home-solutions-prooj,Citizen Home Solutions
citizen-home-solutions-rodriguezj,Citizen Home Solutions
citizen-home-solutions-trimblea,Citizen Home Solutions
citizen-home-solutions-velizj,Citizen Home Solutions
citizen-home-solutions-waferj,Citizen Home Solutions
citizen-home-solutions-yavoskiz,Citizen Home Solutions
connect,Connect
connect-albaytarp,Connect
connect-cambronj,Connect
connect-caputom,Connect
connect-cliftonA,Connect
connect-fimreiter,Connect
connect-garciai,Connect
connect-henriem,Connect
connect-johnsons,Connect
connect-jonesj,Connect
connect-keym,Connect
connect-moloj,Connect
connect-moons,Connect
connect-mostolesl,Connect
connect-nabiea,Connect
connect-noblec,Connect
connect-queryv,Connect
connect-ramosr,Connect
connect-rubioi,Connect
connect-sesek,Connect
connect-stevensj,Connect
connect-viloriar,Connect
connect-warstlerc,Connect
connect-yorkk,Connect
connect-my-new-home,Connect My New Home
connect-my-new-home-1,Connect My New Home
connect-my-new-home-2,Connect My New Home
connect-my-new-home-3,Connect My New Home
connie-crespo,Connie Crespo
crisis-jk-solutions,Crisis JK Solutions
customer-choice-utilities,Customer Choice Utilities
dfwconnect,DFWCONNECT
daphne-jordan,Daphne Jordan
diaz-na,Diaz North America
ekp,EKP Legacy Group
eagle-mountain,Eagle Mountain Solar
elevate-at-skyline,Elevate at Skyline Townhomes
emerald-park,Emerald Park Apartments
energy-texas,Energy Texas
evergreen-plano,Evergreen at Plano
far-group,FAR Group
find-energy,Find Energy
fowler-pm,Fowler Property Management
geoff-cozby,Geoff Cozby
gilbert-ortega,Gilbert Ortega
go-all-tech,Go All Tech
heather-glen,Heather Glen
onesource-nizarh,Hemn Nizar
1282764,Honey
inspire-communications,Inspire Communications
jaylon-ford,Jaylon Ford
jeziel-arroyo,Jeziel Arroyo
onesource-whitej,Jordynn White
katiria-lajara,Katiria Lajara
keyrenter-uptown-dallas,KeyRenter Uptown Dallas
kim-pulido,Kimberly Moralez Pulido
las-palmitas,Las Palmitas Apartments
onesource-pattersonl,Laura Patterson
live-easy,LiveEasy
mci-performance-group,MCI Performance Group
monterey-marketing,Monterey Marketing
monterey-marketing-1,Monterey Marketing
monterey-marketing-2,Monterey Marketing
monterey-marketing-3,Monterey Marketing
monterey-marketing-4,Monterey Marketing
monterey-marketing-5,Monterey Marketing
moverhub,MoverHub
movingin,MovingIn
my-energy-dude,My Energy Dude
nv-services,NV Services
nex,Network Energy Xchange
onesource-mooreheadn,Neva'eh Moorehead
new-vision,New Vision
nutiliti,Nutiliti
nutiliti,Nutiliti
onesource,OneSource Solutions
onesource-abbasr,OneSource Solutions
onesource-andersoni,OneSource Solutions
onesource-austind,OneSource Solutions
onesource-benej,OneSource Solutions
onesource-bordese,OneSource Solutions
onesource-christmand,OneSource Solutions
onesource-churchl,OneSource Solutions
onesource-costelloe,OneSource Solutions
onesource-crosbyx,OneSource Solutions
onesource-davisc,OneSource Solutions
onesource-downsa,OneSource Solutions
onesource-dyeb,OneSource Solutions
onesource-farnern,OneSource Solutions
onesource-flackt,OneSource Solutions
onesource-frazierl,OneSource Solutions
onesource-goochc,OneSource Solutions
onesource-greenj,OneSource Solutions
onesource-hallj,OneSource Solutions
onesource-hanischt,OneSource Solutions
onesource-hayesd,OneSource Solutions
onesource-jacob-jones,OneSource Solutions
onesource-jamesa,OneSource Solutions
onesource-jenkinsb,OneSource Solutions
onesource-jonesj,OneSource Solutions
onesource-jordanj,OneSource Solutions
onesource-kennerb,OneSource Solutions
onesource-kingd,OneSource Solutions
onesource-larryd,OneSource Solutions
onesource-mitchellj,OneSource Solutions
onesource-mooreb,OneSource Solutions
onesource-murphya,OneSource Solutions
onesource-nilhash,OneSource Solutions
onesource-nollal,OneSource Solutions
onesource-orrillc,OneSource Solutions
onesource-pasnokoth,OneSource Solutions
onesource-pletkat,OneSource Solutions
onesource-porzeltc,OneSource Solutions
onesource-rowei,OneSource Solutions
onesource-schwendemannw,OneSource Solutions
onesource-smita,OneSource Solutions
onesource-sorkj,OneSource Solutions
onesource-tannerb,OneSource Solutions
onesource-taylorj,OneSource Solutions
onesource-townsendj,OneSource Solutions
onesource-whitesitts,OneSource Solutions
onesource-wilmasn,OneSource Solutions
outerbridge,Outerbridge Industries
paramount-home-solutions,Paramount Home Solutions
petscreening,Petscreening
rtc-ventures,RTC Ventures
absolute-energy-stars,Randall Zimmerman
rhino-energy-brokers,Rhino Energy Brokers
rhythm-energy,Rhythm Energy
river-trails,River Trails Apartments
onesource-garretts,Scarlett Garrett
self,Self
serena-vista,Serena Vista Apartments
smart-city,Smart City Concierge
smart-city-brubakerc,Smart City Concierge
smart-city-cecilk,Smart City Concierge
smart-city-eguias,Smart City Concierge
smart-city-geekerc,Smart City Concierge
smart-city-hoganl,Smart City Concierge
smart-city-moityb,Smart City Concierge
smart-city-rodriguezn,Smart City Concierge
smart-city-sharpski-montazamib,Smart City Concierge
smart-city-shulerr,Smart City Concierge
smart-home-pro,Smart Home Pro
start-my-services,Start My Services
surrealty,Surrealty Residential
telemedia-solutions,Telemedia Solutions
texas-view,Texas View
branch-connect,The Branch Connect
link-twin-creeks,The Link At Twin Creeks
touchstone-bpo,Touchstone Communications
touchstone-bpo-allenm,Touchstone Communications
touchstone-bpo-furyb,Touchstone Communications
touchstone-bpo-johnsonm,Touchstone Communications
touchstone-bpo-parkerj,Touchstone Communications
touchstone-bpo-whites,Touchstone Communications
utilities-for-my-home,Utilities for My Home
utility-bellhop,Utility Bellhop
utility-helpers,Utility Helpers
utility-helpers-cavitta,Utility Helpers
utility-helpers-leonw,Utility Helpers
utility-profit,Utility Profit
utility-valet,Utility Valet
utility-valet-lena,Utility Valet
utility-valet-luisa,Utility Valet
utility-hound,UtilityHound
utility-hound1,UtilityHound
utility-hound2,UtilityHound
utility-hound3,UtilityHound
utility-hound4,UtilityHound
utility-hound5,UtilityHound
utility-on,UtilityOn
vanessa-fernandez,Vanessa Fernandez
waters-park,Waters Park Apartments
windmill-terrace,Windmill Terrace
woodbridge,Woodbridge Apartments
yeshua-ortiz,Yeshua Ortiz
zuhair-abbas,Zuhair Abbas